{
  "project_info": {
    "project_number": "492925705255",
    "firebase_url": "https://habits-5223a.firebaseio.com",
    "project_id": "habits-5223a",
    "storage_bucket": "habits-5223a.appspot.com"
  },
  "client": [
    {
      "client_info": {
        "mobilesdk_app_id": "1:492925705255:android:c841c4256a0a79e1",
        "android_client_info": {
          "package_name": "com.example.habits"
        }
      },
      "oauth_client": [
        {
          "client_id": "492925705255-2395o9bhkmpibht2k1b4n2mkbdaavf7k.apps.googleusercontent.com",
          "client_type": 1,
          "android_info": {
            "package_name": "com.example.habits",
            "certificate_hash": "6409963e39608fed437699c1b6ff29b31dc9f427"
          }
        },
        {
          "client_id": "492925705255-ukr8kru67bu6pv1maf73mdv5iqhoaqe6.apps.googleusercontent.com",
          "client_type": 3
        }
      ],
      "api_key": [
        {
          "current_key": "AIzaSyATeo7hJDdkPGA4Ufg3o0F2b1N3W1Aqf40"
        }
      ],
      "services": {
        "appinvite_service": {
          "other_platform_oauth_client": [
            {
              "client_id": "492925705255-ukr8kru67bu6pv1maf73mdv5iqhoaqe6.apps.googleusercontent.com",
              "client_type": 3
            }
          ]
        }
      }
    },
    {
      "client_info": {
        "mobilesdk_app_id": "1:492925705255:android:13c3c6a65bcbec53",
        "android_client_info": {
          "package_name": "com.example.myapplication"
        }
      },
      "oauth_client": [
        {
          "client_id": "492925705255-ukr8kru67bu6pv1maf73mdv5iqhoaqe6.apps.googleusercontent.com",
          "client_type": 3
        }
      ],
      "api_key": [
        {
          "current_key": "AIzaSyATeo7hJDdkPGA4Ufg3o0F2b1N3W1Aqf40"
        }
      ],
      "services": {
        "appinvite_service": {
          "other_platform_oauth_client": [
            {
              "client_id": "492925705255-ukr8kru67bu6pv1maf73mdv5iqhoaqe6.apps.googleusercontent.com",
              "client_type": 3
            }
          ]
        }
      }
    }
  ],
  "configuration_version": "1"
}